{"cameraMode":{"drawMode":0,"name":"Shaded","section":"Shading Mode"},"sceneLighting":true,"audioPlay":false,"sceneViewState":{"m_AlwaysRefresh":false,"showFog":true,"showSkybox":true,"showFlares":true,"showImageEffects":true,"showParticleSystems":true,"showVisualEffectGraphs":true,"m_FxEnabled":true},"in2DMode":false,"pivot":{"x":11.649742126464844,"y":-6.006222724914551,"z":-13.053473472595215},"rotation":{"x":0.08916585892438889,"y":0.9061271548271179,"z":-0.23969873785972596,"w":0.3370399475097656},"size":154.15016174316407,"orthographic":false}